[
   {
      "id": 53454,
      "name": "Charles S Boyle",
      "date": "Today 01:25 PM",
      "amount": "$132.20",
      "user_status": "Active",
      "status": "Paid"
   },
   {
      "id": 53453,
      "name": "Steve N. Horton",
      "date": "Today 11:03 AM",
      "amount": "$74.00",
      "user_status": "Pending",
      "status": "Paid"
   },
   {
      "id": 53452,
      "name": "Lucy Doe",
      "date": "Today 10:56 PM",
      "amount": "$12.00",
      "user_status": "Banned",
      "status": "Unpaid"
   },
   {
      "id": 53451,
      "name": "Teresa L. Doe",
      "date": "Yesterday 05:25 PM",
      "amount": "$532.99",
      "user_status": "Active",
      "status": "Shipped",
      "track": "CGX0089675674"
   },
   {
      "id": 53450,
      "name": "Lucy Doe",
      "date": "Yesterday 03:25 PM",
      "amount": "$45.00",
      "user_status": "Pending",
      "status": "Refunded"
   },
   {
      "id": 53449,
      "name": "Michael Bunr",
      "date": "Nov 10, 2024",
      "amount": "$23.00",
      "status": "Paid"
   },
   {
      "id": 53448,
      "name": "Steve N. Horton",
      "date": "Nov 10, 2024",
      "amount": "$74.50",
      "user_status": "Pending",
      "status": "Unpaid"
   },
   {
      "id": 53448,
      "name": "Teresa L. Doe",
      "date": "Nov 8, 2024",
      "amount": "$198.99",
      "user_status": "Banned",
      "status": "Shipped",
      "track": "CGX002723445674"
   },
   {
      "id": 53447,
      "name": "Charles S Boyle",
      "date": "Nov 5, 2024",
      "amount": "$263.00",
      "user_status": "Active",
      "status": "Unpaid"
   },
   {
      "id": 53446,
      "name": "Scott S. Calabrese",
      "date": "Nov 1, 2024",
      "amount": "$24.00",
      "status": "Shipped",
      "user_status": "Inactive",
      "track": "CGX0089934571"
   },
   {
      "id": 53445,
      "name": "Lucy Doe",
      "date": "Oct 24, 2024",
      "amount": "$38.00",
      "status": "Shipped",
      "user_status": "Inactive",
      "track": "CGX0089934571"
   },
   {
      "id": 53444,
      "name": "Charles S Boyle",
      "date": "Oct 24, 2024",
      "amount": "$245.30",
      "status": "Shipped",
      "user_status": "Active",
      "track": "CGX0089734531"
   },
   {
      "id": 53443,
      "name": "Steve N. Horton",
      "date": "Oct 22, 2024",
      "amount": "$45.00",
      "user_status": "Banned",
      "status": "Paid"
   },
   {
      "id": 53442,
      "name": "Teresa L. Doe",
      "date": "Oct 19, 2024",
      "amount": "$564.40",
      "user_status": "Active",
      "status": "Shipped",
      "track": "CGX0088567674"
   },
   {
      "id": 53441,
      "name": "Steve N. Horton",
      "date": "Oct 18, 2024",
      "amount": "$12.01",
      "status": "Shipped",
      "user_status": "Pending",
      "track": "CGX0084565674"
   },
   {
      "id": 53440,
      "name": "Scott S. Calabrese",
      "date": "Oct 17, 2024",
      "amount": "$45.23",
      "user_status": "Inactive",
      "status": "Paid"
   },
   {
      "id": 53439,
      "name": "Teresa L. Doe",
      "date": "Oct 15, 2024",
      "amount": "$77.99",
      "status": "Shipped",
      "user_status": "Pending",
      "track": "CGX0089734574"
   },
   {
      "id": 53438,
      "name": "Steve N. Horton",
      "date": "Oct 15, 2024",
      "amount": "$56.99",
      "status": "Shipped",
      "user_status": "Active",
      "track": "CGX0089674534"
   },
   {
      "id": 53437,
      "name": "Charles S Boyle",
      "date": "Oct 15, 2024",
      "amount": "$234.00",
      "user_status": "Active",
      "status": "Unpaid"
   },
   {
      "id": 53436,
      "name": "Scott S. Calabrese",
      "date": "Oct 12, 2024",
      "amount": "$11.50",
      "user_status": "Banned",
      "status": "Refunded"
   },
   {
      "id": 53435,
      "name": "Teresa L. Doe",
      "date": "Oct 12, 2024",
      "amount": "$18.00",
      "user_status": "Banned",
      "status": "Paid"
   },
   {
      "id": 53434,
      "name": "Teresa L. Doe",
      "date": "Oct 15, 2024",
      "amount": "$77.99",
      "status": "Shipped",
      "user_status": "Pending",
      "track": "CGX0089734574"
   },
   {
      "id": 53433,
      "name": "Lucy Doe",
      "date": "Oct 24, 2024",
      "amount": "$38.00",
      "status": "Shipped",
      "user_status": "Inactive",
      "track": "CGX0089934571"
   },
   {
      "id": 53432,
      "name": "Charles S Boyle",
      "date": "Oct 24, 2024",
      "amount": "$245.30",
      "status": "Shipped",
      "user_status": "Active",
      "track": "CGX0089734531"
   },
   {
      "id": 53431,
      "name": "Steve N. Horton",
      "date": "Oct 22, 2024",
      "amount": "$45.00",
      "user_status": "Banned",
      "status": "Paid"
   }
]
